customer_id,name,country,segment,occupation,account_open_date,kyc_risk_rating
1000,Customer_1000,AE,corporate,business_owner,2015-10-03,low
1001,Customer_1001,AE,sme,retired,2021-11-20,low
1002,Customer_1002,SG,private_wealth,business_owner,2021-11-06,medium
1003,Customer_1003,AE,retail,salaried,2019-11-10,low
1004,Customer_1004,DE,sme,student,2021-02-19,high
1005,Customer_1005,FR,sme,retired,2016-09-14,low
1006,Customer_1006,PA,sme,salaried,2023-01-31,high
1007,Customer_1007,CA,retail,salaried,2019-02-11,low
1008,Customer_1008,AE,retail,business_owner,2019-12-12,low
1009,Customer_1009,AE,sme,salaried,2017-09-26,medium
1010,Customer_1010,AU,retail,business_owner,2017-02-05,low
1011,Customer_1011,AE,retail,retired,2021-11-23,low
1012,Customer_1012,DE,retail,retired,2019-06-06,low
1013,Customer_1013,SG,sme,student,2019-02-16,low
1014,Customer_1014,SG,sme,student,2015-10-17,low
1015,Customer_1015,PA,retail,consultant,2016-11-17,low
1016,Customer_1016,US,retail,self_employed,2022-07-01,low
1017,Customer_1017,DE,sme,student,2021-11-13,low
1018,Customer_1018,IN,retail,retired,2017-12-05,low
1019,Customer_1019,US,retail,retired,2016-05-31,low
1020,Customer_1020,IN,retail,retired,2016-06-15,low
1021,Customer_1021,FR,retail,consultant,2015-10-08,low
1022,Customer_1022,FR,sme,consultant,2019-01-03,high
1023,Customer_1023,DE,sme,retired,2018-12-08,low
1024,Customer_1024,IN,retail,consultant,2021-03-02,low
1025,Customer_1025,DE,retail,business_owner,2022-07-04,medium
1026,Customer_1026,AE,sme,business_owner,2016-03-24,low
1027,Customer_1027,SG,retail,retired,2015-05-14,low
1028,Customer_1028,AE,retail,salaried,2016-07-14,low
1029,Customer_1029,SG,sme,business_owner,2018-01-14,low
1030,Customer_1030,IR,retail,consultant,2019-02-03,low
1031,Customer_1031,CA,retail,business_owner,2023-03-21,low
1032,Customer_1032,AU,retail,self_employed,2019-10-11,low
1033,Customer_1033,PA,corporate,salaried,2022-11-07,low
1034,Customer_1034,FR,sme,salaried,2016-01-16,low
1035,Customer_1035,DE,sme,self_employed,2015-12-11,medium
1036,Customer_1036,DE,sme,salaried,2019-10-16,medium
1037,Customer_1037,FR,retail,self_employed,2023-05-08,low
1038,Customer_1038,NL,private_wealth,self_employed,2016-08-01,low
1039,Customer_1039,GB,private_wealth,salaried,2022-10-24,medium
1040,Customer_1040,DE,retail,consultant,2019-02-11,medium
1041,Customer_1041,FR,retail,consultant,2015-10-30,medium
1042,Customer_1042,US,retail,consultant,2015-04-13,medium
1043,Customer_1043,GB,retail,business_owner,2020-04-02,medium
1044,Customer_1044,DE,sme,self_employed,2017-10-22,low
1045,Customer_1045,NL,retail,self_employed,2017-01-04,low
1046,Customer_1046,NL,retail,salaried,2023-02-16,low
1047,Customer_1047,AE,corporate,salaried,2021-04-08,medium
1048,Customer_1048,IN,private_wealth,salaried,2015-09-16,low
1049,Customer_1049,FR,sme,self_employed,2023-05-16,low
1050,Customer_1050,IN,sme,salaried,2016-04-19,low
1051,Customer_1051,AE,retail,salaried,2023-06-19,low
1052,Customer_1052,CA,retail,retired,2020-07-22,low
1053,Customer_1053,CA,corporate,self_employed,2021-12-24,low
1054,Customer_1054,CA,corporate,student,2021-08-07,low
1055,Customer_1055,AE,retail,salaried,2020-09-17,medium
1056,Customer_1056,SG,retail,self_employed,2023-09-18,medium
1057,Customer_1057,CA,retail,business_owner,2020-03-17,low
1058,Customer_1058,FR,retail,self_employed,2023-01-07,low
1059,Customer_1059,NL,retail,business_owner,2016-01-05,low
1060,Customer_1060,IR,retail,self_employed,2018-10-05,low
1061,Customer_1061,SG,retail,consultant,2019-06-03,medium
1062,Customer_1062,SG,retail,salaried,2022-10-16,low
1063,Customer_1063,DE,retail,self_employed,2015-06-07,low
1064,Customer_1064,AU,corporate,salaried,2015-12-08,medium
1065,Customer_1065,US,corporate,retired,2022-11-28,high
1066,Customer_1066,SG,sme,retired,2020-05-26,low
1067,Customer_1067,CA,retail,consultant,2022-07-07,low
1068,Customer_1068,AE,retail,student,2015-07-15,low
1069,Customer_1069,GB,retail,business_owner,2018-03-22,low
1070,Customer_1070,IN,sme,business_owner,2017-01-23,medium
1071,Customer_1071,DE,retail,retired,2017-11-16,low
1072,Customer_1072,IN,corporate,student,2019-11-05,low
1073,Customer_1073,SG,sme,salaried,2016-10-09,low
1074,Customer_1074,NL,sme,salaried,2020-07-28,medium
1075,Customer_1075,US,private_wealth,retired,2016-03-15,high
1076,Customer_1076,IN,sme,student,2023-09-25,medium
1077,Customer_1077,CA,sme,salaried,2015-11-01,low
1078,Customer_1078,GB,sme,student,2019-03-03,low
1079,Customer_1079,IN,sme,student,2019-04-24,low
1080,Customer_1080,AU,retail,salaried,2021-04-26,low
1081,Customer_1081,US,sme,self_employed,2020-11-17,low
1082,Customer_1082,AU,retail,retired,2021-12-19,low
1083,Customer_1083,FR,retail,salaried,2023-03-15,low
1084,Customer_1084,GB,sme,retired,2023-04-26,medium
1085,Customer_1085,NL,retail,student,2023-08-24,medium
1086,Customer_1086,IN,corporate,salaried,2022-09-10,low
1087,Customer_1087,AE,sme,student,2015-02-09,low
1088,Customer_1088,IN,retail,self_employed,2017-10-06,low
1089,Customer_1089,IN,sme,student,2015-12-20,high
1090,Customer_1090,AE,corporate,self_employed,2015-05-19,high
1091,Customer_1091,GB,sme,student,2015-10-17,medium
1092,Customer_1092,KP,retail,self_employed,2022-06-26,low
1093,Customer_1093,CA,sme,consultant,2015-04-26,low
1094,Customer_1094,SC,corporate,student,2023-06-10,medium
1095,Customer_1095,KP,corporate,consultant,2023-02-16,medium
1096,Customer_1096,AU,retail,consultant,2018-12-30,low
1097,Customer_1097,DE,sme,student,2020-07-09,medium
1098,Customer_1098,AU,retail,retired,2015-02-20,medium
1099,Customer_1099,DE,sme,student,2015-06-24,low
1100,Customer_1100,KP,sme,consultant,2018-08-09,low
1101,Customer_1101,GB,private_wealth,student,2019-01-07,medium
1102,Customer_1102,AU,retail,student,2017-03-05,low
1103,Customer_1103,NL,sme,self_employed,2020-09-08,medium
1104,Customer_1104,IN,retail,student,2023-01-02,low
1105,Customer_1105,IN,retail,salaried,2017-09-02,low
1106,Customer_1106,IN,retail,student,2016-05-06,low
1107,Customer_1107,IN,retail,consultant,2015-04-26,low
1108,Customer_1108,GB,sme,self_employed,2018-01-27,medium
1109,Customer_1109,SG,sme,student,2017-10-08,medium
1110,Customer_1110,GB,sme,business_owner,2019-08-12,low
1111,Customer_1111,FR,corporate,salaried,2023-01-26,low
1112,Customer_1112,DE,retail,retired,2019-07-20,low
1113,Customer_1113,AU,retail,consultant,2022-05-18,low
1114,Customer_1114,SG,retail,business_owner,2021-05-27,medium
1115,Customer_1115,KP,corporate,retired,2022-07-03,low
1116,Customer_1116,DE,retail,student,2019-06-15,high
1117,Customer_1117,FR,sme,business_owner,2017-09-22,low
1118,Customer_1118,CA,sme,business_owner,2017-12-03,low
1119,Customer_1119,US,retail,retired,2016-06-14,medium
1120,Customer_1120,NL,corporate,student,2022-01-09,low
1121,Customer_1121,NL,retail,self_employed,2015-09-14,medium
1122,Customer_1122,IN,retail,business_owner,2017-09-07,medium
1123,Customer_1123,IR,retail,self_employed,2017-07-23,low
1124,Customer_1124,CA,retail,business_owner,2017-05-10,medium
1125,Customer_1125,DE,sme,business_owner,2020-11-14,medium
1126,Customer_1126,KY,retail,business_owner,2022-09-20,medium
1127,Customer_1127,FR,sme,retired,2022-06-19,low
1128,Customer_1128,FR,corporate,student,2018-05-14,low
1129,Customer_1129,FR,retail,salaried,2018-06-29,medium
1130,Customer_1130,FR,retail,self_employed,2017-10-09,low
1131,Customer_1131,GB,retail,business_owner,2017-09-11,low
1132,Customer_1132,PA,sme,self_employed,2019-08-10,high
1133,Customer_1133,AE,retail,consultant,2021-09-02,medium
1134,Customer_1134,DE,sme,consultant,2019-01-14,low
1135,Customer_1135,AU,retail,student,2019-11-05,low
1136,Customer_1136,GB,retail,consultant,2022-03-13,medium
1137,Customer_1137,CA,retail,self_employed,2015-05-12,medium
1138,Customer_1138,AU,retail,consultant,2017-11-06,low
1139,Customer_1139,NL,retail,self_employed,2019-11-13,medium
1140,Customer_1140,IN,retail,retired,2015-06-26,low
1141,Customer_1141,FR,sme,retired,2021-04-01,medium
1142,Customer_1142,CA,corporate,retired,2018-05-06,low
1143,Customer_1143,US,corporate,business_owner,2015-01-15,low
1144,Customer_1144,SG,retail,salaried,2021-02-17,low
1145,Customer_1145,AU,corporate,student,2018-01-18,medium
1146,Customer_1146,CA,retail,student,2016-01-02,medium
1147,Customer_1147,DE,retail,retired,2017-12-30,medium
1148,Customer_1148,SG,retail,consultant,2021-10-16,low
1149,Customer_1149,IN,private_wealth,consultant,2021-02-20,low
1150,Customer_1150,IN,retail,consultant,2018-01-06,low
1151,Customer_1151,GB,retail,student,2015-02-26,low
1152,Customer_1152,AU,retail,business_owner,2022-10-10,medium
1153,Customer_1153,NL,retail,business_owner,2022-11-10,low
1154,Customer_1154,AU,retail,consultant,2023-08-15,low
1155,Customer_1155,CA,retail,consultant,2017-02-11,low
1156,Customer_1156,FR,retail,consultant,2015-07-14,medium
1157,Customer_1157,SG,retail,consultant,2019-03-05,high
1158,Customer_1158,DE,corporate,retired,2017-05-04,low
1159,Customer_1159,CA,retail,business_owner,2020-09-20,high
1160,Customer_1160,NL,retail,business_owner,2023-03-21,low
1161,Customer_1161,SC,retail,student,2015-07-29,low
1162,Customer_1162,CA,retail,self_employed,2022-06-19,low
1163,Customer_1163,GB,sme,business_owner,2016-10-24,low
1164,Customer_1164,DE,retail,business_owner,2017-07-16,medium
1165,Customer_1165,IR,retail,self_employed,2019-04-16,low
1166,Customer_1166,SG,corporate,retired,2019-08-23,low
1167,Customer_1167,DE,retail,consultant,2020-12-26,low
1168,Customer_1168,DE,retail,consultant,2019-05-03,medium
1169,Customer_1169,IN,retail,self_employed,2016-03-18,medium
1170,Customer_1170,SC,retail,self_employed,2016-05-06,low
1171,Customer_1171,GB,sme,self_employed,2020-03-03,medium
1172,Customer_1172,KP,sme,consultant,2019-01-05,medium
1173,Customer_1173,GB,retail,self_employed,2023-01-19,low
1174,Customer_1174,NL,retail,consultant,2021-06-07,low
1175,Customer_1175,AU,sme,self_employed,2016-11-23,low
1176,Customer_1176,AU,retail,salaried,2021-06-12,low
1177,Customer_1177,FR,sme,consultant,2021-03-15,medium
1178,Customer_1178,GB,sme,consultant,2017-01-26,low
1179,Customer_1179,GB,retail,retired,2019-06-12,high
1180,Customer_1180,SC,private_wealth,salaried,2020-01-23,low
1181,Customer_1181,SG,corporate,business_owner,2019-09-12,low
1182,Customer_1182,CA,sme,salaried,2016-02-27,low
1183,Customer_1183,DE,retail,salaried,2020-03-21,low
1184,Customer_1184,AU,sme,self_employed,2016-08-15,low
1185,Customer_1185,SG,sme,retired,2019-12-20,medium
1186,Customer_1186,GB,retail,business_owner,2023-04-05,medium
1187,Customer_1187,US,retail,consultant,2015-10-29,medium
1188,Customer_1188,GB,retail,retired,2018-02-24,low
1189,Customer_1189,NL,corporate,consultant,2022-12-30,low
1190,Customer_1190,AU,corporate,retired,2020-08-28,low
1191,Customer_1191,FR,sme,student,2021-11-10,low
1192,Customer_1192,CA,corporate,consultant,2022-07-18,low
1193,Customer_1193,CA,sme,business_owner,2015-03-16,high
1194,Customer_1194,AU,corporate,retired,2020-07-04,low
1195,Customer_1195,FR,sme,business_owner,2018-08-02,low
1196,Customer_1196,SG,retail,business_owner,2017-12-17,low
1197,Customer_1197,FR,retail,self_employed,2020-12-30,low
1198,Customer_1198,CA,retail,self_employed,2019-02-22,medium
1199,Customer_1199,CA,retail,consultant,2016-08-17,low
1200,Customer_1200,IN,retail,self_employed,2015-01-28,high
1201,Customer_1201,IN,retail,consultant,2015-12-21,low
1202,Customer_1202,FR,corporate,retired,2021-10-08,high
1203,Customer_1203,NL,private_wealth,student,2015-08-18,low
1204,Customer_1204,DE,retail,student,2022-02-25,low
1205,Customer_1205,AU,retail,salaried,2017-03-21,low
1206,Customer_1206,FR,sme,student,2021-06-25,low
1207,Customer_1207,DE,sme,salaried,2021-10-07,low
1208,Customer_1208,IN,corporate,salaried,2021-05-14,low
1209,Customer_1209,GB,retail,student,2018-08-16,low
1210,Customer_1210,AU,corporate,retired,2020-01-12,low
1211,Customer_1211,AU,retail,self_employed,2017-02-22,low
1212,Customer_1212,US,sme,consultant,2017-11-16,low
1213,Customer_1213,SG,retail,retired,2018-10-22,low
1214,Customer_1214,GB,retail,consultant,2022-04-23,low
1215,Customer_1215,NL,retail,salaried,2017-03-21,low
1216,Customer_1216,GB,retail,consultant,2023-01-08,low
1217,Customer_1217,AE,retail,student,2016-08-22,high
1218,Customer_1218,AU,retail,retired,2022-05-09,medium
1219,Customer_1219,GB,retail,consultant,2017-12-31,medium
1220,Customer_1220,US,sme,retired,2022-04-01,medium
1221,Customer_1221,DE,sme,retired,2015-01-08,high
1222,Customer_1222,AU,retail,salaried,2021-12-28,low
1223,Customer_1223,GB,retail,salaried,2023-01-28,low
1224,Customer_1224,CA,sme,business_owner,2020-10-07,low
1225,Customer_1225,SG,retail,student,2016-07-21,low
1226,Customer_1226,SG,retail,salaried,2017-07-15,medium
1227,Customer_1227,AU,retail,retired,2020-10-12,low
1228,Customer_1228,CA,sme,business_owner,2018-06-15,low
1229,Customer_1229,IN,retail,retired,2022-12-12,low
1230,Customer_1230,IN,retail,business_owner,2019-01-25,low
1231,Customer_1231,IN,sme,salaried,2020-09-28,low
1232,Customer_1232,SC,retail,self_employed,2016-06-03,medium
1233,Customer_1233,CA,sme,self_employed,2016-02-18,low
1234,Customer_1234,DE,sme,self_employed,2023-01-05,low
1235,Customer_1235,NL,sme,retired,2023-05-08,low
1236,Customer_1236,FR,retail,student,2021-04-16,low
1237,Customer_1237,NL,retail,student,2018-07-04,medium
1238,Customer_1238,FR,private_wealth,business_owner,2022-06-04,low
1239,Customer_1239,AU,retail,business_owner,2020-07-16,low
1240,Customer_1240,IN,private_wealth,consultant,2017-10-08,high
1241,Customer_1241,AU,sme,self_employed,2021-09-06,low
1242,Customer_1242,AE,sme,self_employed,2020-07-21,low
1243,Customer_1243,DE,retail,self_employed,2016-12-01,medium
1244,Customer_1244,SG,retail,self_employed,2015-05-06,medium
1245,Customer_1245,FR,retail,retired,2021-10-13,low
1246,Customer_1246,IN,retail,consultant,2023-04-15,low
1247,Customer_1247,GB,private_wealth,self_employed,2023-08-05,low
1248,Customer_1248,SG,retail,retired,2019-03-04,low
1249,Customer_1249,AU,corporate,student,2016-07-18,low
1250,Customer_1250,DE,sme,student,2021-12-23,high
1251,Customer_1251,AE,retail,salaried,2015-11-01,medium
1252,Customer_1252,FR,retail,self_employed,2016-07-23,low
1253,Customer_1253,IN,retail,self_employed,2021-11-24,medium
1254,Customer_1254,NL,retail,business_owner,2017-01-22,medium
1255,Customer_1255,CA,corporate,self_employed,2016-04-05,medium
1256,Customer_1256,FR,retail,salaried,2017-06-16,low
1257,Customer_1257,IR,retail,consultant,2021-10-14,low
1258,Customer_1258,CA,retail,retired,2015-03-26,medium
1259,Customer_1259,GB,retail,business_owner,2022-03-06,low
1260,Customer_1260,SG,retail,retired,2017-11-13,low
1261,Customer_1261,CA,retail,self_employed,2018-03-23,low
1262,Customer_1262,AE,retail,retired,2021-08-28,low
1263,Customer_1263,US,corporate,salaried,2018-06-29,high
1264,Customer_1264,NL,retail,student,2023-01-16,medium
1265,Customer_1265,FR,corporate,business_owner,2016-09-07,low
1266,Customer_1266,NL,sme,self_employed,2015-01-21,low
1267,Customer_1267,SG,sme,business_owner,2015-03-27,low
1268,Customer_1268,FR,retail,business_owner,2017-07-11,medium
1269,Customer_1269,IN,sme,salaried,2018-05-18,low
1270,Customer_1270,GB,sme,self_employed,2020-08-08,low
1271,Customer_1271,KY,retail,student,2022-11-02,low
1272,Customer_1272,AU,retail,consultant,2022-04-10,medium
1273,Customer_1273,PA,retail,business_owner,2020-02-18,low
1274,Customer_1274,US,retail,self_employed,2018-08-20,low
1275,Customer_1275,DE,retail,student,2022-07-15,low
1276,Customer_1276,DE,retail,salaried,2017-12-31,low
1277,Customer_1277,DE,corporate,salaried,2023-02-22,low
1278,Customer_1278,US,sme,salaried,2018-07-27,medium
1279,Customer_1279,GB,corporate,retired,2019-08-11,high
1280,Customer_1280,KP,retail,business_owner,2019-02-07,low
1281,Customer_1281,NL,retail,retired,2023-07-29,low
1282,Customer_1282,DE,retail,consultant,2022-01-20,low
1283,Customer_1283,FR,retail,self_employed,2016-09-10,low
1284,Customer_1284,US,retail,student,2020-11-03,low
1285,Customer_1285,IN,private_wealth,retired,2023-03-04,low
1286,Customer_1286,DE,sme,business_owner,2018-05-12,low
1287,Customer_1287,IN,retail,consultant,2018-01-11,low
1288,Customer_1288,FR,sme,salaried,2023-06-27,low
1289,Customer_1289,FR,sme,student,2017-04-03,medium
1290,Customer_1290,GB,sme,student,2023-09-11,medium
1291,Customer_1291,US,private_wealth,consultant,2020-01-27,low
1292,Customer_1292,SC,sme,retired,2015-09-24,medium
1293,Customer_1293,US,retail,self_employed,2019-01-30,low
1294,Customer_1294,NL,corporate,self_employed,2023-08-29,low
1295,Customer_1295,FR,retail,business_owner,2021-10-15,low
1296,Customer_1296,DE,private_wealth,consultant,2021-12-08,low
1297,Customer_1297,AU,corporate,student,2018-04-13,low
1298,Customer_1298,SG,sme,business_owner,2020-08-03,low
1299,Customer_1299,NL,retail,salaried,2018-08-29,low
1300,Customer_1300,DE,retail,consultant,2021-03-09,medium
1301,Customer_1301,KP,retail,student,2019-01-23,low
1302,Customer_1302,AE,retail,retired,2021-12-04,low
1303,Customer_1303,AE,retail,consultant,2016-11-16,low
1304,Customer_1304,IN,retail,business_owner,2019-06-27,low
1305,Customer_1305,NL,private_wealth,self_employed,2015-09-16,low
1306,Customer_1306,AU,retail,student,2016-03-03,low
1307,Customer_1307,IN,private_wealth,business_owner,2023-05-26,low
1308,Customer_1308,SG,corporate,self_employed,2018-05-28,medium
1309,Customer_1309,US,retail,self_employed,2015-07-11,medium
1310,Customer_1310,CA,corporate,student,2022-08-19,low
1311,Customer_1311,SG,retail,self_employed,2023-06-28,low
1312,Customer_1312,SG,private_wealth,self_employed,2016-10-01,medium
1313,Customer_1313,US,corporate,salaried,2023-07-20,medium
1314,Customer_1314,AE,sme,salaried,2017-08-18,low
1315,Customer_1315,SG,private_wealth,business_owner,2021-03-05,low
1316,Customer_1316,AU,retail,business_owner,2016-09-15,low
1317,Customer_1317,FR,sme,retired,2018-11-28,medium
1318,Customer_1318,US,retail,salaried,2022-07-16,high
1319,Customer_1319,DE,retail,student,2023-03-15,high
1320,Customer_1320,SG,retail,salaried,2023-03-05,low
1321,Customer_1321,US,corporate,self_employed,2019-09-16,low
1322,Customer_1322,SG,sme,retired,2020-09-17,medium
1323,Customer_1323,AU,retail,business_owner,2016-12-23,low
1324,Customer_1324,AU,sme,business_owner,2016-01-31,low
1325,Customer_1325,SG,sme,self_employed,2020-11-23,low
1326,Customer_1326,CA,retail,retired,2021-04-07,low
1327,Customer_1327,NL,retail,student,2019-07-21,low
1328,Customer_1328,DE,retail,consultant,2019-06-29,low
1329,Customer_1329,IN,sme,self_employed,2016-12-30,low
1330,Customer_1330,PA,retail,consultant,2019-05-02,low
1331,Customer_1331,AU,corporate,retired,2020-09-05,medium
1332,Customer_1332,IN,corporate,student,2021-10-01,low
1333,Customer_1333,AE,sme,consultant,2023-06-01,low
1334,Customer_1334,AE,retail,retired,2015-05-27,low
1335,Customer_1335,CA,sme,business_owner,2016-02-24,low
1336,Customer_1336,GB,corporate,retired,2021-06-01,low
1337,Customer_1337,DE,retail,self_employed,2016-09-24,low
1338,Customer_1338,GB,sme,consultant,2016-06-26,low
1339,Customer_1339,CA,retail,retired,2016-04-16,low
1340,Customer_1340,FR,sme,salaried,2022-04-07,low
1341,Customer_1341,CA,sme,student,2021-07-21,medium
1342,Customer_1342,IN,retail,retired,2017-12-22,low
1343,Customer_1343,FR,retail,retired,2017-02-09,medium
1344,Customer_1344,GB,retail,self_employed,2015-02-16,low
1345,Customer_1345,IN,retail,student,2021-09-08,medium
1346,Customer_1346,AE,corporate,student,2020-06-18,low
1347,Customer_1347,NL,corporate,student,2021-12-07,low
1348,Customer_1348,CA,retail,salaried,2019-02-08,low
1349,Customer_1349,IN,sme,student,2022-05-01,low
1350,Customer_1350,GB,corporate,retired,2021-10-01,medium
1351,Customer_1351,NL,retail,salaried,2018-07-09,low
1352,Customer_1352,AE,retail,consultant,2023-09-18,low
1353,Customer_1353,SG,retail,retired,2015-07-05,medium
1354,Customer_1354,US,sme,consultant,2020-11-17,low
1355,Customer_1355,GB,retail,consultant,2023-01-01,low
1356,Customer_1356,NL,retail,retired,2023-06-01,high
1357,Customer_1357,DE,retail,consultant,2018-10-16,low
1358,Customer_1358,AE,retail,retired,2021-06-19,low
1359,Customer_1359,SC,sme,business_owner,2023-09-17,low
1360,Customer_1360,AU,corporate,student,2021-09-22,low
1361,Customer_1361,US,retail,self_employed,2016-08-27,low
1362,Customer_1362,IN,corporate,business_owner,2019-08-12,low
1363,Customer_1363,AE,retail,student,2018-07-14,medium
1364,Customer_1364,NL,sme,retired,2023-06-30,low
1365,Customer_1365,US,retail,business_owner,2019-01-24,low
1366,Customer_1366,DE,corporate,consultant,2020-07-29,low
1367,Customer_1367,DE,retail,salaried,2023-04-09,low
1368,Customer_1368,IN,retail,consultant,2017-03-29,low
1369,Customer_1369,US,sme,salaried,2016-11-05,medium
1370,Customer_1370,DE,retail,consultant,2019-08-01,medium
1371,Customer_1371,US,sme,student,2021-08-28,low
1372,Customer_1372,GB,sme,consultant,2023-07-18,medium
1373,Customer_1373,IN,sme,salaried,2022-03-10,medium
1374,Customer_1374,IN,retail,salaried,2017-09-14,low
1375,Customer_1375,SG,retail,retired,2021-11-23,medium
1376,Customer_1376,CA,sme,retired,2017-03-20,low
1377,Customer_1377,SG,private_wealth,salaried,2021-04-28,medium
1378,Customer_1378,FR,sme,business_owner,2020-10-10,high
1379,Customer_1379,IN,retail,student,2022-09-02,low
1380,Customer_1380,AE,private_wealth,business_owner,2019-03-17,low
1381,Customer_1381,AU,retail,self_employed,2020-04-24,low
1382,Customer_1382,NL,retail,salaried,2023-01-16,low
1383,Customer_1383,CA,retail,business_owner,2018-01-19,medium
1384,Customer_1384,SC,private_wealth,business_owner,2022-08-07,medium
1385,Customer_1385,US,corporate,self_employed,2021-07-15,medium
1386,Customer_1386,SG,sme,student,2021-12-31,low
1387,Customer_1387,KP,private_wealth,business_owner,2021-03-22,low
1388,Customer_1388,NL,retail,student,2016-01-29,low
1389,Customer_1389,IN,corporate,consultant,2022-02-10,low
1390,Customer_1390,GB,private_wealth,salaried,2016-06-26,medium
1391,Customer_1391,NL,retail,self_employed,2016-11-08,low
1392,Customer_1392,FR,private_wealth,salaried,2015-10-08,low
1393,Customer_1393,US,sme,salaried,2021-10-14,low
1394,Customer_1394,FR,retail,student,2023-03-24,low
1395,Customer_1395,CA,retail,salaried,2016-06-27,medium
1396,Customer_1396,IN,retail,salaried,2022-01-02,low
1397,Customer_1397,AU,corporate,consultant,2015-09-06,medium
1398,Customer_1398,CA,sme,self_employed,2020-09-12,low
1399,Customer_1399,NL,retail,business_owner,2019-11-09,low
1400,Customer_1400,GB,retail,student,2017-11-13,low
1401,Customer_1401,AE,retail,retired,2018-11-30,low
1402,Customer_1402,NL,retail,self_employed,2022-04-18,low
1403,Customer_1403,CA,retail,salaried,2021-08-30,low
1404,Customer_1404,US,private_wealth,student,2023-02-23,low
1405,Customer_1405,IN,sme,salaried,2015-08-18,low
1406,Customer_1406,SG,retail,consultant,2019-11-19,high
1407,Customer_1407,IN,retail,business_owner,2016-11-25,low
1408,Customer_1408,KY,sme,business_owner,2019-09-20,low
1409,Customer_1409,CA,retail,salaried,2023-03-31,low
1410,Customer_1410,GB,sme,self_employed,2017-09-12,medium
1411,Customer_1411,IN,corporate,consultant,2019-05-20,medium
1412,Customer_1412,FR,retail,consultant,2021-05-10,low
1413,Customer_1413,DE,sme,retired,2023-09-15,high
1414,Customer_1414,FR,corporate,student,2018-07-10,low
1415,Customer_1415,NL,corporate,self_employed,2017-08-28,low
1416,Customer_1416,IN,corporate,consultant,2020-02-05,low
1417,Customer_1417,CA,retail,salaried,2019-11-30,low
1418,Customer_1418,IN,sme,business_owner,2022-01-28,low
1419,Customer_1419,FR,retail,student,2022-06-14,low
1420,Customer_1420,GB,sme,retired,2016-07-19,low
1421,Customer_1421,US,sme,consultant,2017-05-30,low
1422,Customer_1422,SC,retail,student,2015-03-13,low
1423,Customer_1423,AU,retail,retired,2018-11-18,low
1424,Customer_1424,AE,retail,consultant,2019-10-21,medium
1425,Customer_1425,GB,retail,consultant,2016-10-10,low
1426,Customer_1426,GB,private_wealth,student,2022-08-19,low
1427,Customer_1427,IN,retail,retired,2016-12-19,low
1428,Customer_1428,IN,retail,retired,2017-11-07,low
1429,Customer_1429,IN,sme,student,2022-02-06,medium
1430,Customer_1430,AU,sme,business_owner,2021-02-01,low
1431,Customer_1431,DE,retail,salaried,2018-08-17,low
1432,Customer_1432,SG,retail,consultant,2020-05-01,low
1433,Customer_1433,NL,private_wealth,student,2015-02-08,medium
1434,Customer_1434,GB,private_wealth,consultant,2016-09-04,low
1435,Customer_1435,SG,sme,consultant,2020-05-21,low
1436,Customer_1436,SG,sme,salaried,2021-03-18,medium
1437,Customer_1437,US,retail,retired,2019-06-20,low
1438,Customer_1438,GB,retail,retired,2023-07-01,low
1439,Customer_1439,GB,private_wealth,student,2021-06-07,low
1440,Customer_1440,AE,corporate,business_owner,2021-11-17,low
1441,Customer_1441,DE,retail,salaried,2021-01-26,high
1442,Customer_1442,IN,sme,salaried,2022-07-07,low
1443,Customer_1443,FR,sme,salaried,2017-07-01,low
1444,Customer_1444,CA,corporate,student,2015-04-23,high
1445,Customer_1445,IN,retail,business_owner,2022-10-03,low
1446,Customer_1446,DE,sme,salaried,2016-02-29,low
1447,Customer_1447,US,retail,retired,2018-08-18,low
1448,Customer_1448,IN,sme,salaried,2017-09-06,low
1449,Customer_1449,FR,retail,business_owner,2017-03-05,low
1450,Customer_1450,CA,retail,retired,2022-06-03,low
1451,Customer_1451,PA,retail,retired,2018-01-08,low
1452,Customer_1452,US,private_wealth,retired,2017-11-04,low
1453,Customer_1453,US,retail,retired,2021-11-25,low
1454,Customer_1454,NL,retail,consultant,2018-03-18,low
1455,Customer_1455,IN,retail,salaried,2023-08-27,low
1456,Customer_1456,GB,retail,consultant,2015-01-11,high
1457,Customer_1457,IN,retail,self_employed,2015-06-15,medium
1458,Customer_1458,CA,retail,student,2019-10-19,medium
1459,Customer_1459,IN,private_wealth,consultant,2017-04-08,low
1460,Customer_1460,GB,retail,business_owner,2018-08-16,low
1461,Customer_1461,AU,private_wealth,self_employed,2016-08-19,low
1462,Customer_1462,PA,retail,business_owner,2021-04-04,low
1463,Customer_1463,AE,retail,student,2018-02-10,low
1464,Customer_1464,IN,retail,business_owner,2015-11-20,low
1465,Customer_1465,AU,corporate,business_owner,2018-01-01,low
1466,Customer_1466,SG,retail,salaried,2020-12-11,low
1467,Customer_1467,CA,private_wealth,self_employed,2020-04-24,medium
1468,Customer_1468,AE,retail,consultant,2019-08-13,low
1469,Customer_1469,GB,retail,business_owner,2020-05-15,low
1470,Customer_1470,AE,retail,self_employed,2023-04-12,low
1471,Customer_1471,GB,retail,business_owner,2017-06-12,low
1472,Customer_1472,IN,retail,business_owner,2017-12-29,low
1473,Customer_1473,KP,retail,self_employed,2021-08-18,high
1474,Customer_1474,US,retail,student,2023-03-06,medium
1475,Customer_1475,FR,corporate,business_owner,2022-11-05,low
1476,Customer_1476,CA,retail,retired,2015-08-06,low
1477,Customer_1477,NL,sme,salaried,2015-10-26,low
1478,Customer_1478,KY,sme,retired,2022-01-13,medium
1479,Customer_1479,AE,retail,consultant,2018-08-18,low
1480,Customer_1480,IN,retail,self_employed,2022-06-14,medium
1481,Customer_1481,IN,corporate,consultant,2018-09-25,low
1482,Customer_1482,US,retail,business_owner,2018-04-13,low
1483,Customer_1483,SG,sme,student,2018-08-15,medium
1484,Customer_1484,AE,sme,consultant,2019-05-09,medium
1485,Customer_1485,NL,retail,student,2016-06-27,medium
1486,Customer_1486,FR,private_wealth,self_employed,2023-03-28,low
1487,Customer_1487,GB,retail,business_owner,2020-03-28,medium
1488,Customer_1488,SG,retail,student,2015-08-12,low
1489,Customer_1489,AE,corporate,self_employed,2016-08-18,low
1490,Customer_1490,FR,retail,retired,2019-02-16,low
1491,Customer_1491,GB,retail,self_employed,2022-08-24,low
1492,Customer_1492,NL,retail,salaried,2020-02-14,medium
1493,Customer_1493,NL,retail,retired,2018-12-18,low
1494,Customer_1494,SG,retail,consultant,2019-03-09,low
1495,Customer_1495,KY,sme,salaried,2017-12-20,low
1496,Customer_1496,CA,sme,consultant,2018-07-11,low
1497,Customer_1497,AU,retail,consultant,2019-09-15,low
1498,Customer_1498,IN,retail,business_owner,2020-10-27,low
1499,Customer_1499,FR,sme,self_employed,2018-05-27,low
1500,Customer_1500,NL,retail,retired,2017-07-16,high
1501,Customer_1501,SG,corporate,consultant,2021-12-14,low
1502,Customer_1502,NL,private_wealth,retired,2022-01-05,low
1503,Customer_1503,IN,retail,retired,2021-08-01,low
1504,Customer_1504,AU,sme,consultant,2023-02-13,medium
1505,Customer_1505,AE,corporate,salaried,2015-04-27,low
1506,Customer_1506,GB,sme,consultant,2019-04-12,low
1507,Customer_1507,IN,sme,self_employed,2016-10-15,low
1508,Customer_1508,CA,retail,retired,2017-05-30,high
1509,Customer_1509,DE,sme,self_employed,2017-09-11,low
1510,Customer_1510,IR,retail,retired,2022-11-16,medium
1511,Customer_1511,US,sme,self_employed,2019-02-18,low
1512,Customer_1512,US,retail,self_employed,2019-11-28,low
1513,Customer_1513,IN,private_wealth,retired,2015-09-09,low
1514,Customer_1514,CA,retail,business_owner,2017-05-29,medium
1515,Customer_1515,GB,corporate,consultant,2015-04-15,low
1516,Customer_1516,CA,retail,salaried,2018-06-25,low
1517,Customer_1517,NL,sme,business_owner,2019-05-13,low
1518,Customer_1518,FR,retail,retired,2021-06-13,low
1519,Customer_1519,IN,retail,student,2019-12-22,low
1520,Customer_1520,AE,sme,salaried,2023-04-23,medium
1521,Customer_1521,DE,corporate,retired,2022-04-27,low
1522,Customer_1522,SC,corporate,salaried,2021-06-09,low
1523,Customer_1523,DE,sme,consultant,2019-04-14,low
1524,Customer_1524,IN,corporate,salaried,2023-04-13,low
1525,Customer_1525,US,sme,consultant,2021-01-01,low
1526,Customer_1526,US,retail,business_owner,2017-04-27,low
1527,Customer_1527,IN,retail,consultant,2018-03-14,low
1528,Customer_1528,DE,retail,student,2018-12-17,medium
1529,Customer_1529,AE,retail,student,2015-01-28,low
1530,Customer_1530,GB,retail,consultant,2017-12-09,low
1531,Customer_1531,CA,sme,consultant,2018-02-23,low
1532,Customer_1532,GB,retail,consultant,2018-06-22,low
1533,Customer_1533,GB,sme,self_employed,2021-12-10,medium
1534,Customer_1534,FR,retail,retired,2019-08-13,low
1535,Customer_1535,SG,private_wealth,student,2020-12-22,high
1536,Customer_1536,GB,retail,student,2018-01-20,low
1537,Customer_1537,GB,retail,consultant,2023-02-28,low
1538,Customer_1538,CA,retail,retired,2016-05-05,medium
1539,Customer_1539,NL,sme,consultant,2020-07-14,medium
1540,Customer_1540,AU,sme,retired,2019-02-07,low
1541,Customer_1541,FR,sme,self_employed,2020-10-26,low
1542,Customer_1542,FR,retail,consultant,2015-01-21,low
1543,Customer_1543,DE,sme,salaried,2015-06-07,low
1544,Customer_1544,CA,sme,student,2020-06-11,low
1545,Customer_1545,CA,sme,consultant,2019-09-17,low
1546,Customer_1546,GB,retail,self_employed,2023-07-22,low
1547,Customer_1547,AU,sme,self_employed,2016-12-10,medium
1548,Customer_1548,FR,sme,student,2017-08-04,low
1549,Customer_1549,FR,sme,business_owner,2019-07-22,low
1550,Customer_1550,KY,retail,salaried,2016-05-28,medium
1551,Customer_1551,FR,retail,consultant,2015-12-05,low
1552,Customer_1552,AU,sme,business_owner,2022-01-08,low
1553,Customer_1553,AU,private_wealth,self_employed,2018-07-10,low
1554,Customer_1554,NL,retail,consultant,2023-09-08,low
1555,Customer_1555,SG,retail,self_employed,2015-04-19,low
1556,Customer_1556,IN,retail,retired,2022-05-28,medium
1557,Customer_1557,US,retail,retired,2020-08-17,low
1558,Customer_1558,AU,retail,salaried,2021-02-24,medium
1559,Customer_1559,DE,retail,consultant,2019-10-22,low
1560,Customer_1560,FR,retail,student,2021-10-04,medium
1561,Customer_1561,AE,corporate,salaried,2022-11-27,medium
1562,Customer_1562,SG,sme,student,2019-07-03,low
1563,Customer_1563,AE,sme,self_employed,2021-11-05,low
1564,Customer_1564,SC,retail,student,2015-01-01,low
1565,Customer_1565,IN,retail,consultant,2018-04-15,high
1566,Customer_1566,AE,retail,self_employed,2019-10-27,low
1567,Customer_1567,SG,private_wealth,self_employed,2017-07-01,low
1568,Customer_1568,KP,retail,self_employed,2022-08-25,low
1569,Customer_1569,US,sme,self_employed,2019-07-12,low
1570,Customer_1570,IN,retail,salaried,2019-01-07,high
1571,Customer_1571,KY,sme,student,2021-07-31,medium
1572,Customer_1572,GB,sme,student,2022-01-07,low
1573,Customer_1573,AU,retail,self_employed,2022-04-29,low
1574,Customer_1574,FR,retail,salaried,2022-08-06,low
1575,Customer_1575,FR,retail,consultant,2021-09-22,medium
1576,Customer_1576,AU,retail,salaried,2021-06-03,low
1577,Customer_1577,NL,private_wealth,student,2023-05-01,low
1578,Customer_1578,SG,sme,business_owner,2019-04-19,low
1579,Customer_1579,US,retail,retired,2020-11-01,low
1580,Customer_1580,NL,retail,retired,2017-09-23,low
1581,Customer_1581,CA,retail,business_owner,2022-07-17,medium
1582,Customer_1582,FR,private_wealth,consultant,2018-01-28,medium
1583,Customer_1583,DE,retail,retired,2019-11-29,low
1584,Customer_1584,AE,retail,self_employed,2020-02-28,medium
1585,Customer_1585,IN,retail,self_employed,2018-10-03,low
1586,Customer_1586,DE,retail,retired,2021-04-01,medium
1587,Customer_1587,CA,corporate,self_employed,2017-07-20,medium
1588,Customer_1588,NL,sme,retired,2016-06-27,high
1589,Customer_1589,AU,corporate,business_owner,2021-07-10,low
1590,Customer_1590,DE,sme,business_owner,2019-09-16,low
1591,Customer_1591,GB,retail,consultant,2018-06-15,low
1592,Customer_1592,SG,corporate,retired,2020-04-27,low
1593,Customer_1593,US,sme,student,2018-12-02,low
1594,Customer_1594,FR,retail,student,2016-01-24,medium
1595,Customer_1595,IN,retail,student,2022-01-05,medium
1596,Customer_1596,US,retail,student,2021-11-12,low
1597,Customer_1597,CA,retail,business_owner,2019-06-24,medium
1598,Customer_1598,US,private_wealth,consultant,2019-05-07,low
1599,Customer_1599,AU,retail,consultant,2018-06-12,medium
1600,Customer_1600,AE,retail,student,2021-05-26,medium
1601,Customer_1601,AU,corporate,self_employed,2017-01-05,low
1602,Customer_1602,AU,retail,consultant,2017-08-20,low
1603,Customer_1603,DE,retail,self_employed,2019-05-30,high
1604,Customer_1604,PA,retail,student,2023-01-31,low
1605,Customer_1605,AU,retail,self_employed,2021-06-28,medium
1606,Customer_1606,GB,corporate,business_owner,2022-11-16,low
1607,Customer_1607,US,retail,student,2017-05-20,low
1608,Customer_1608,US,sme,student,2015-10-26,low
1609,Customer_1609,SG,retail,self_employed,2021-09-13,low
1610,Customer_1610,GB,retail,self_employed,2021-10-02,low
1611,Customer_1611,IN,sme,student,2022-05-03,low
1612,Customer_1612,IN,corporate,retired,2019-06-16,low
1613,Customer_1613,AE,sme,retired,2023-01-20,low
1614,Customer_1614,US,private_wealth,salaried,2019-06-06,low
1615,Customer_1615,IN,private_wealth,self_employed,2016-06-01,medium
1616,Customer_1616,GB,sme,salaried,2020-04-11,low
1617,Customer_1617,FR,retail,student,2016-03-08,low
1618,Customer_1618,US,retail,student,2017-10-02,low
1619,Customer_1619,DE,retail,student,2023-03-11,low
1620,Customer_1620,CA,sme,salaried,2016-12-17,medium
1621,Customer_1621,NL,sme,consultant,2018-02-04,low
1622,Customer_1622,FR,retail,consultant,2020-05-02,low
1623,Customer_1623,US,retail,student,2017-11-18,medium
1624,Customer_1624,NL,retail,salaried,2016-10-05,low
1625,Customer_1625,SC,retail,business_owner,2019-11-23,low
1626,Customer_1626,DE,private_wealth,business_owner,2021-08-06,low
1627,Customer_1627,KP,private_wealth,consultant,2023-08-05,medium
1628,Customer_1628,DE,corporate,self_employed,2019-07-29,low
1629,Customer_1629,CA,retail,self_employed,2022-03-29,low
1630,Customer_1630,NL,retail,student,2019-07-31,low
1631,Customer_1631,FR,retail,student,2018-11-03,low
1632,Customer_1632,FR,retail,student,2020-02-23,medium
1633,Customer_1633,US,retail,self_employed,2018-10-12,medium
1634,Customer_1634,SG,private_wealth,retired,2019-01-23,low
1635,Customer_1635,AE,retail,consultant,2018-08-19,low
1636,Customer_1636,SG,retail,salaried,2022-04-25,low
1637,Customer_1637,GB,private_wealth,self_employed,2015-04-26,low
1638,Customer_1638,US,retail,salaried,2023-01-29,low
1639,Customer_1639,GB,retail,self_employed,2019-08-20,low
1640,Customer_1640,GB,retail,salaried,2017-09-15,low
1641,Customer_1641,FR,retail,business_owner,2023-04-01,low
1642,Customer_1642,GB,private_wealth,salaried,2019-12-28,low
1643,Customer_1643,AE,retail,business_owner,2023-07-16,low
1644,Customer_1644,SG,retail,business_owner,2018-10-31,low
1645,Customer_1645,NL,retail,retired,2020-09-07,high
1646,Customer_1646,PA,sme,consultant,2020-05-14,low
1647,Customer_1647,CA,sme,salaried,2018-12-30,low
1648,Customer_1648,DE,retail,consultant,2017-06-08,high
1649,Customer_1649,KY,retail,salaried,2020-11-27,low
1650,Customer_1650,DE,sme,retired,2019-02-28,low
1651,Customer_1651,FR,retail,consultant,2019-12-08,medium
1652,Customer_1652,CA,retail,business_owner,2021-03-27,low
1653,Customer_1653,IR,private_wealth,consultant,2016-12-12,medium
1654,Customer_1654,AE,retail,self_employed,2016-02-06,medium
1655,Customer_1655,FR,corporate,consultant,2016-05-06,medium
1656,Customer_1656,IN,retail,consultant,2016-09-20,low
1657,Customer_1657,KP,retail,retired,2023-01-03,medium
1658,Customer_1658,NL,sme,salaried,2015-12-28,low
1659,Customer_1659,DE,retail,salaried,2020-01-11,low
1660,Customer_1660,GB,retail,student,2017-04-16,low
1661,Customer_1661,NL,sme,retired,2021-03-22,medium
1662,Customer_1662,GB,retail,student,2021-07-08,low
1663,Customer_1663,US,retail,business_owner,2015-07-14,low
1664,Customer_1664,DE,sme,student,2023-02-17,low
1665,Customer_1665,AU,sme,salaried,2019-02-22,low
1666,Customer_1666,AU,retail,consultant,2020-06-04,low
1667,Customer_1667,AU,sme,salaried,2015-09-28,medium
1668,Customer_1668,SG,retail,salaried,2021-08-23,low
1669,Customer_1669,CA,sme,business_owner,2021-02-12,low
1670,Customer_1670,CA,retail,consultant,2020-02-07,low
1671,Customer_1671,FR,sme,student,2019-02-26,low
1672,Customer_1672,IN,retail,salaried,2022-06-12,low
1673,Customer_1673,AU,sme,business_owner,2015-07-26,low
1674,Customer_1674,GB,sme,consultant,2021-04-15,low
1675,Customer_1675,AE,sme,consultant,2018-04-30,medium
1676,Customer_1676,IN,sme,business_owner,2016-11-04,low
1677,Customer_1677,NL,corporate,retired,2017-03-06,medium
1678,Customer_1678,AU,sme,student,2020-04-27,low
1679,Customer_1679,AE,retail,consultant,2016-11-20,low
1680,Customer_1680,AU,retail,business_owner,2016-06-10,low
1681,Customer_1681,AU,retail,student,2016-08-05,medium
1682,Customer_1682,FR,private_wealth,salaried,2015-08-10,medium
1683,Customer_1683,AU,corporate,student,2017-12-15,low
1684,Customer_1684,CA,retail,self_employed,2016-12-20,low
1685,Customer_1685,GB,sme,student,2017-10-09,low
1686,Customer_1686,CA,corporate,student,2018-06-04,medium
1687,Customer_1687,AU,private_wealth,salaried,2019-01-29,low
1688,Customer_1688,FR,retail,business_owner,2016-05-22,high
1689,Customer_1689,GB,private_wealth,retired,2021-08-31,low
1690,Customer_1690,SG,sme,self_employed,2018-11-05,medium
1691,Customer_1691,GB,retail,business_owner,2021-03-25,low
1692,Customer_1692,IN,retail,student,2021-09-05,low
1693,Customer_1693,AE,retail,consultant,2017-11-29,low
1694,Customer_1694,US,retail,self_employed,2017-05-31,low
1695,Customer_1695,SG,private_wealth,salaried,2018-09-27,medium
1696,Customer_1696,AE,sme,salaried,2019-06-08,medium
1697,Customer_1697,KY,sme,salaried,2018-04-19,low
1698,Customer_1698,IN,retail,consultant,2017-05-17,low
1699,Customer_1699,AU,sme,salaried,2022-07-09,low
1700,Customer_1700,IR,retail,student,2022-01-27,low
1701,Customer_1701,GB,retail,consultant,2015-07-02,medium
1702,Customer_1702,CA,private_wealth,consultant,2023-04-08,medium
1703,Customer_1703,GB,sme,self_employed,2015-11-04,low
1704,Customer_1704,AU,private_wealth,student,2020-10-08,medium
1705,Customer_1705,AE,sme,business_owner,2015-05-09,medium
1706,Customer_1706,AE,retail,salaried,2020-06-22,low
1707,Customer_1707,NL,retail,salaried,2015-07-04,low
1708,Customer_1708,GB,retail,consultant,2020-01-16,low
1709,Customer_1709,KP,sme,business_owner,2021-02-17,low
1710,Customer_1710,DE,retail,student,2019-12-14,medium
1711,Customer_1711,GB,private_wealth,retired,2023-01-12,low
1712,Customer_1712,AU,retail,business_owner,2017-01-17,low
1713,Customer_1713,US,retail,self_employed,2021-02-22,medium
1714,Customer_1714,AE,sme,salaried,2017-03-23,low
1715,Customer_1715,FR,retail,consultant,2017-05-27,medium
1716,Customer_1716,DE,retail,retired,2021-11-27,low
1717,Customer_1717,AU,sme,business_owner,2019-03-28,low
1718,Customer_1718,GB,retail,student,2019-07-04,low
1719,Customer_1719,GB,retail,self_employed,2018-02-10,low
1720,Customer_1720,NL,corporate,student,2021-11-22,low
1721,Customer_1721,DE,retail,self_employed,2022-01-10,medium
1722,Customer_1722,GB,sme,consultant,2018-08-16,low
1723,Customer_1723,KP,corporate,salaried,2015-11-21,low
1724,Customer_1724,GB,retail,salaried,2016-05-22,low
1725,Customer_1725,AE,retail,salaried,2016-12-30,low
1726,Customer_1726,FR,retail,consultant,2023-03-22,low
1727,Customer_1727,NL,sme,student,2021-03-03,medium
1728,Customer_1728,IN,retail,student,2023-05-12,low
1729,Customer_1729,IR,retail,salaried,2015-10-29,low
1730,Customer_1730,US,retail,student,2015-05-02,low
1731,Customer_1731,US,sme,retired,2020-01-27,low
1732,Customer_1732,US,sme,consultant,2023-05-20,low
1733,Customer_1733,PA,private_wealth,business_owner,2017-10-18,low
1734,Customer_1734,US,retail,retired,2023-01-30,low
1735,Customer_1735,US,retail,salaried,2023-03-06,medium
1736,Customer_1736,CA,retail,student,2019-04-03,medium
1737,Customer_1737,US,retail,retired,2017-09-22,low
1738,Customer_1738,CA,corporate,retired,2019-10-27,medium
1739,Customer_1739,AE,corporate,consultant,2019-06-09,low
1740,Customer_1740,IN,retail,self_employed,2015-09-13,low
1741,Customer_1741,DE,retail,student,2022-09-27,low
1742,Customer_1742,GB,corporate,business_owner,2018-04-12,low
1743,Customer_1743,GB,sme,retired,2021-12-20,low
1744,Customer_1744,FR,retail,business_owner,2019-08-09,low
1745,Customer_1745,GB,retail,self_employed,2018-02-14,low
1746,Customer_1746,SG,sme,retired,2022-07-21,low
1747,Customer_1747,FR,sme,salaried,2017-10-04,low
1748,Customer_1748,FR,retail,student,2018-04-05,medium
1749,Customer_1749,PA,corporate,salaried,2016-06-06,low
1750,Customer_1750,AE,corporate,salaried,2019-08-11,high
1751,Customer_1751,IN,corporate,business_owner,2023-01-30,low
1752,Customer_1752,SG,retail,retired,2023-03-24,low
1753,Customer_1753,NL,retail,business_owner,2021-02-13,high
1754,Customer_1754,KP,private_wealth,retired,2022-06-16,low
1755,Customer_1755,US,sme,consultant,2015-08-09,medium
1756,Customer_1756,IN,corporate,consultant,2022-02-25,low
1757,Customer_1757,AU,retail,retired,2015-11-19,low
1758,Customer_1758,SG,retail,student,2019-02-22,low
1759,Customer_1759,DE,sme,retired,2015-07-03,medium
1760,Customer_1760,IN,sme,business_owner,2015-12-18,low
1761,Customer_1761,IN,retail,consultant,2022-09-12,medium
1762,Customer_1762,CA,sme,student,2022-11-24,low
1763,Customer_1763,NL,sme,consultant,2017-11-18,low
1764,Customer_1764,PA,retail,student,2021-09-03,low
1765,Customer_1765,GB,corporate,salaried,2017-12-13,low
1766,Customer_1766,DE,corporate,self_employed,2015-04-29,low
1767,Customer_1767,KY,retail,salaried,2023-09-06,medium
1768,Customer_1768,GB,retail,consultant,2015-09-10,low
1769,Customer_1769,CA,retail,business_owner,2017-07-11,medium
1770,Customer_1770,US,retail,student,2019-03-27,high
1771,Customer_1771,FR,retail,retired,2019-11-03,low
1772,Customer_1772,AE,corporate,business_owner,2018-10-05,medium
1773,Customer_1773,NL,retail,business_owner,2021-03-06,medium
1774,Customer_1774,SG,sme,retired,2016-11-30,medium
1775,Customer_1775,AE,retail,self_employed,2020-02-26,low
1776,Customer_1776,SG,retail,student,2020-01-03,medium
1777,Customer_1777,AU,retail,business_owner,2022-06-26,low
1778,Customer_1778,FR,sme,salaried,2023-06-26,low
1779,Customer_1779,CA,corporate,student,2020-12-20,low
1780,Customer_1780,AE,private_wealth,retired,2017-02-22,medium
1781,Customer_1781,NL,sme,consultant,2016-07-04,low
1782,Customer_1782,SG,corporate,student,2022-05-17,low
1783,Customer_1783,GB,retail,retired,2015-12-14,low
1784,Customer_1784,NL,retail,business_owner,2023-07-30,low
1785,Customer_1785,US,sme,self_employed,2021-12-20,low
1786,Customer_1786,AU,retail,salaried,2017-12-28,low
1787,Customer_1787,AU,retail,salaried,2017-11-22,low
1788,Customer_1788,NL,retail,consultant,2017-02-20,medium
1789,Customer_1789,AU,retail,salaried,2019-07-20,low
1790,Customer_1790,NL,private_wealth,business_owner,2019-06-25,low
1791,Customer_1791,AE,retail,salaried,2022-12-04,low
1792,Customer_1792,FR,corporate,retired,2015-02-21,medium
1793,Customer_1793,IN,sme,consultant,2016-03-25,low
1794,Customer_1794,DE,retail,self_employed,2016-03-25,low
1795,Customer_1795,AU,retail,salaried,2021-09-16,medium
1796,Customer_1796,SG,corporate,retired,2022-11-18,low
1797,Customer_1797,AU,sme,business_owner,2017-07-25,medium
1798,Customer_1798,DE,retail,retired,2017-04-17,high
1799,Customer_1799,US,corporate,self_employed,2023-05-03,low
